<?xml version="1.0" encoding="UTF-8"?>
<beans xmlns="http://www.springframework.org/schema/beans"
	xmlns:xsi="http://www.w3.org/2001/XMLSchema-instance"
	xsi:schemaLocation="http://www.springframework.org/schema/beans http://www.springframework.org/schema/beans/spring-beans.xsd">
	<bean id="ds"
		class="org.springframework.jdbc.datasource.DriverManagerDataSource">
		<property name="driverClassName"
			value="${driverClassName}" />
		<property name="url" value="${url}" />
		<property name="username" value="${username}" />
		<property name="password" value="${password}" />
	</bean>

	<bean id="jdbcTemplate"
		class="org.springframework.jdbc.core.JdbcTemplate">
		<property name="dataSource" ref="ds"></property>
	</bean>

	<bean id="mXDao" class="com.mx.dao.MxDao">
		<property name="jdbcTemplate" ref="jdbcTemplate"></property>
	</bean>

	<bean id="pphc"
		class="org.springframework.beans.factory.config.PropertyPlaceholderConfigurer">

		<property name="location">
			<value>com/mx/resource/app.properties</value>
		</property>
	</bean>
	
	<bean id="mxTemlateBean" class="com.mx.beans.MXTemplateBean">
		<property name="rootNode" value="${rootNode}"/>
		<property name="childNode" value="${childNode}"/>
		<property name="endRootNode" value="${endRootNode}"/>
	</bean>
	
	<bean id="BTXConverter" class="com.mx.beans.BeanToXmlConverter">
		<constructor-arg name="mxTemplateBean" ref="mxTemlateBean"/>
	</bean>

</beans>
